학교명,지역,학교 학생 수,동질화 지수(H_m),P_special,I_SCU,H_path,H_job,H_ppc,1위 업종,R_net,,,
대구경동초등학교,수성구,1871,1.630353665,0.267237,0.978781,1,0.3313,0.4693,기타 개인 서비스업 복합코드,14.27044361,0.8572074504,1.652136155,1.822087778
대구서촌초등학교,동구,22,1.57964771,9.090909,0.932322,1,0.3499,0.4321,,0,1.636456114,1.636456114,1.090379779
대구대청초등학교,수성구,1488,1.557619548,1.344086,0.975191,1,0.3313,0.4693,기타 개인 서비스업 복합코드,18.8172043,0.8557741801,1.381813329,1.524167956
대구경진초등학교,북구,76,1.492985048,10.526316,0.93463,1,0.3493,0.4321,,0,1.545805165,1.545805165,1.050653146
대구공산초등학교,동구,81,1.492676799,6.17284,0.942049,1,0.3499,0.4321,,-12.34567901,1.542650036,1.542650036,1.05031929
대구범어초등학교,수성구,1028,1.492133448,2.140078,0.972538,1,0.3313,0.4693,기타 개인 서비스업 복합코드,32.87937743,0.8547168441,1.059151159,1.168384623
대구광명학교,남구,41,1.48950281,0,0.941907,0.693446,0.3552,0.5969,보건업 복합코드,0,1.422720039,1.422720039,0.9917956619
대구영화학교,남구,44,1.484744015,0,0.941907,0.693446,0.3552,0.5969,보건업 복합코드,0,1.418174607,1.418174607,0.9897135156
대구해안초등학교,동구,76,1.476213004,13.157895,0.918766,1,0.3499,0.4321,,-28.94736842,1.534503679,1.534503679,1.043652906
대구효동초등학교,동구,84,1.475893826,9.52381,0.930879,1,0.3499,0.4321,,-9.523809524,1.529519458,1.529519458,1.043047971
대구반송초등학교,달성군,46,1.455601612,30.434783,0.854522,1,0.3487,0.4321,,-0.2120890774,1.538912728,1.538912728,1.03731423
대구효신초등학교,동구,210,1.447339146,3.809524,0.949927,1,0.3499,0.4321,,58.0952381,1.326156791,1.326156791,0.9560004903
대구대산초등학교,북구,106,1.447191782,9.433962,0.938271,1,0.3493,0.4321,,-5.660377358,1.497044591,1.497044591,1.029647236
대구동곡초등학교,달성군,52,1.445069655,30.769231,0.853407,1,0.3487,0.4321,,-0.4480286738,1.528244822,1.528244822,1.032460932
대구하빈초등학교,달성군,93,1.442267244,12.903226,0.912961,1,0.3487,0.4321,,-0.4480286738,1.501454394,1.501454394,1.028175651
대구체육중학교,북구,56,1.436807643,0,0.969718,0.594615,0.3493,0.4321,,0,1.3323077,1.3323077,0.9132957754
대구월곡초등학교,달서구,106,1.42574934,16.981132,0.917122,1,0.3515,0.4321,,-1.099764336,1.482627398,1.482627398,1.020742977
대구비봉초등학교,서구,69,1.424767156,17.391304,0.85747,1,0.3622,0.4321,,-2.813852814,1.504703481,1.504703481,1.024219009
대구금계초등학교,달성군,126,1.423857253,2.380952,0.948035,1,0.3487,0.4321,,-4.761904762,1.469400099,1.469400099,1.018712167
대구동문초등학교,수성구,141,1.419976167,4.255319,0.965487,1,0.3313,0.4693,기타 개인 서비스업 복합코드,-6.382978723,1.458686068,1.458686068,1.019838193
대구군위초등학교송원캠퍼스,군위군,16,1.415546338,0,0.88137,0.693446,0.329,0.4321,,-18.75,1.369294475,1.369294475,0.9243630554
대구부계초등학교의흥캠퍼스,군위군,16,1.415546338,0,0.88137,0.693446,0.329,0.4321,,-12.5,1.369294475,1.369294475,0.9243630554
부계중학교,군위군,16,1.415546338,0,0.88137,0.693446,0.329,0.4321,,0,1.369294475,1.369294475,0.9243630554
대구부계초등학교고매캠퍼스,군위군,19,1.411141111,0,0.88137,0.693446,0.329,0.4321,,-21.05263158,1.365033185,1.365033185,0.9224558414
부계중학교효령캠퍼스,군위군,19,1.411141111,0,0.88137,0.693446,0.329,0.4321,,0,1.365033185,1.365033185,0.9224558414
대구남명초등학교,남구,137,1.406162924,7.29927,0.917576,1,0.3552,0.5969,보건업 복합코드,-11.67883212,1.456820562,1.456820562,1.036882948
대구이현초등학교,서구,224,1.405408855,1.785714,0.909489,1,0.3622,0.4321,,65.17857143,1.278985274,1.278985274,0.9310706871
달서중학교,달성군,36,1.402038223,19.444444,0.891157,0.697826,0.3487,0.4321,,-2.777777778,1.354938702,1.354938702,0.9223865608
대구부계초등학교효령캠퍼스,군위군,28,1.397925429,0,0.88137,0.693446,0.329,0.4321,,0,1.352249316,1.352249316,0.9167341994
대구가창초등학교,달성군,137,1.394032871,5.839416,0.936507,1,0.3487,0.4321,,-2.919708029,1.442694518,1.442694518,1.005389458
대구보건학교,남구,106,1.386395586,0,0.941907,0.693446,0.3552,0.5969,보건업 복합코드,0,1.324235691,1.324235691,0.9466824932
대구금포초등학교,달성군,129,1.385390271,12.403101,0.914628,1,0.3487,0.4321,,-6.976744186,1.441631916,1.441631916,1.002007132
대구부계초등학교,군위군,39,1.38177293,0,0.88137,0.693446,0.329,0.4321,,-2.564102564,1.336624586,1.336624586,0.9097410814
대구덕희학교,남구,109,1.381636791,0,0.941907,0.693446,0.3552,0.5969,보건업 복합코드,0,1.31969026,1.31969026,0.944600347
대구명곡초등학교,달성군,166,1.380033753,6.024096,0.935891,1,0.3487,0.4321,,4.332129964,1.392664545,1.392664545,0.983257191
대구남동초등학교,달성군,151,1.376968557,3.97351,0.942726,1,0.3487,0.4321,,-1.986754967,1.422855438,1.422855438,0.9974867919
대구신당초등학교,달서구,138,1.372200757,17.391304,0.915755,1,0.3515,0.4321,,-4.155124654,1.427436829,1.427436829,0.9962153123
대구서평초등학교,서구,127,1.368354615,12.598425,0.873447,1,0.3622,0.4321,,2.362204724,1.419275999,1.419275999,0.9884075199
대구북비산초등학교,서구,121,1.368006397,9.917355,0.882384,1,0.3622,0.4321,,-2.813852814,1.435151707,1.435151707,0.9965598631
대구천내초등학교,달성군,159,1.364327873,3.773585,0.943393,1,0.3487,0.4321,,-1.257861635,1.409563167,1.409563167,0.9917206463
대구관천초등학교,북구,172,1.358941946,6.976744,0.946462,1,0.3493,0.4321,,0.5813953488,1.389293193,1.389293193,0.9832745027
대구지봉초등학교,수성구,182,1.357093985,2.197802,0.972345,1,0.3313,0.4693,기타 개인 서비스업 복합코드,-3.833333333,1.391842264,1.391842264,0.9912748921
대구관음초등학교,북구,170,1.356325078,4.705882,0.954032,1,0.3493,0.4321,,-4.705882353,1.397663124,1.397663124,0.9879977285
대구월성초등학교,달서구,164,1.354243625,9.756098,0.941205,1,0.3515,0.4321,,-0.6097560976,1.399840911,1.399840911,0.9874521952
대구선명학교,동구,126,1.344365903,0,0.962626,0.693446,0.3499,0.4321,,0,1.27954884,1.27954884,0.8984313751
대구종로초등학교,중구,201,1.343682141,5.970149,0.95741,1,0.3322,0.2302,스포츠 서비스업,31.34328358,1.325668845,1.325668845,0.9337603342
대구삼육초등학교,수성구,199,1.335004153,0,0.979671,1,0.3313,0.4693,기타 개인 서비스업 복합코드,0,1.36685076,1.36685076,0.9812602796
대구장성초등학교,달서구,191,1.333337516,2.094241,0.966745,1,0.3515,0.4321,,-4.684975767,1.369760363,1.369760363,0.9777075393
대구대성초등학교,서구,151,1.330757608,6.622517,0.893366,1,0.3622,0.4321,,-1.986754967,1.392064887,1.392064887,0.9789190212
구남중학교,달서구,98,1.330675444,0,0.973726,0.30887,0.3515,0.4321,,0.4379562044,1.155060784,1.155060784,0.8144720826
달구벌고등학교,동구,97,1.327870586,0,0.962626,0.41083,0.3499,0.4321,,0,1.181363314,1.181363314,0.8302067137
대구교동초등학교,북구,182,1.326821881,7.692308,0.944077,1,0.3493,0.4321,,-3.338391502,1.370572874,1.370572874,0.9747008781
서대구초등학교,서구,149,1.325081841,9.395973,0.884122,1,0.3622,0.4321,,-2.013422819,1.389484027,1.389484027,0.9765894424
한울안중학교,달성군,80,1.314560895,0,0.955971,0.153171,0.3487,0.4321,,0,1.123737917,1.123737917,0.791508714
대구논공초등학교,달성군,194,1.305081119,4.123711,0.942226,1,0.3487,0.4321,,-3.608247423,1.348737704,1.348737704,0.9647612722
대구태전초등학교,북구,207,1.293987063,4.830918,0.953615,1,0.3493,0.4321,,-4.830917874,1.333559485,1.333559485,0.9597057166
남대구초등학교,남구,201,1.291536147,9.950249,0.908739,1,0.3552,0.5969,보건업 복합코드,-4.975124378,1.340906671,1.340906671,0.9836672595
대구대덕초등학교,남구,212,1.291422902,3.773585,0.929328,1,0.3552,0.5969,보건업 복합코드,-2.830188679,1.334222145,1.334222145,0.9831018067
대구파호초등학교,달서구,216,1.290420923,2.314815,0.96601,1,0.3515,0.4321,,0,1.325902845,1.325902845,0.9582934045
대구내서초등학교,서구,177,1.28853427,6.779661,0.892843,1,0.3622,0.4321,,-0.5649717514,1.34807979,1.34807979,0.9594108106
대구이룸고등학교,북구,168,1.28551413,0,0.969718,0.693446,0.3493,0.4321,,0,1.221950736,1.221950736,0.8737166072
대구동인초등학교,중구,199,1.284874965,10.050251,0.943809,1,0.3322,0.2302,스포츠 서비스업,1.005025126,1.320394303,1.320394303,0.9294003683
대구북부초등학교,북구,215,1.281138884,4.651163,0.954214,1,0.3493,0.4321,,-2.790697674,1.320127394,1.320127394,0.9538724482
대구예아람학교,달성군,163,1.279050211,0,0.955971,0.693446,0.3487,0.4321,,0,1.218883166,1.218883166,0.8702283281
대구만촌초등학교,수성구,276,1.273842942,2.173913,0.972425,1,0.3313,0.4693,기타 개인 서비스업 복합코드,6.15942029,1.22793669,1.22793669,0.9189617108
대구시지초등학교,수성구,220,1.271758074,9.090909,0.949368,1,0.3313,0.4693,기타 개인 서비스업 복합코드,-2.727272727,1.311465659,1.311465659,0.9526493984
대구감삼초등학교,달서구,251,1.266757457,4.780876,0.957789,1,0.3515,0.4321,,2.788844622,1.260309757,1.260309757,0.928257411
대구팔달초등학교,북구,224,1.263956777,5.357143,0.951861,1,0.3493,0.4321,,-1.785714286,1.30316359,1.30316359,0.9460744903
대구남송초등학교,달서구,307,1.260512925,3.257329,0.962868,1,0.3515,0.4321,,16.28664495,1.166260383,1.166260383,0.8875509051
대구보명학교,남구,187,1.257908124,0,0.941907,0.693446,0.3552,0.5969,보건업 복합코드,0,1.201509042,1.201509042,0.8904645446
대구중리초등학교,서구,259,1.257708342,7.335907,0.890988,1,0.3622,0.4321,,16.6023166,1.209381593,1.209381593,0.8978633304
대구아양초등학교,동구,223,1.256590573,6.278027,0.941699,1,0.3499,0.4321,,-4.932735426,1.298771389,1.298771389,0.942801712
대구남덕초등학교,남구,229,1.25359844,6.9869,0.918617,1,0.3552,0.5969,보건업 복합코드,-5.240174672,1.298437148,1.298437148,0.965716969
대구율하초등학교,동구,222,1.250111065,9.009009,0.932595,1,0.3499,0.4321,,-4.054054054,1.29498066,1.29498066,0.9398846519
범일중학교,수성구,163,1.249149216,6.134969,0.959222,0.526626,0.3313,0.4693,기타 개인 서비스업 복합코드,-0.21595357,1.141377781,1.141377781,0.8241422145
대구일과학고등학교,동구,218,1.246669338,0.917431,0.959567,0.885745,0.3499,0.4321,,0,1.247217649,1.247217649,0.9066232995
경혜여자중학교,남구,148,1.239412729,4.054054,0.928393,0.164839,0.3552,0.5969,보건업 복합코드,1.19760479,1.051567944,1.051567944,0.7899142647
대구지묘초등학교,동구,256,1.238269227,1.5625,0.957417,1,0.3499,0.4321,,0.78125,1.251301331,1.251301331,0.924069184
가창중학교,달성군,120,1.236418293,4.166667,0.942082,0.08257,0.3487,0.4321,,0,1.051982776,1.051982776,0.7553447768
대구덕인초등학교,달서구,335,1.233266439,7.761194,0.947855,1,0.3515,0.4321,,21.79104478,1.109929141,1.109929141,0.8606118976
대구북동초등학교,달성군,229,1.22951459,10.043668,0.922492,1,0.3487,0.4321,,-5.240174672,1.276887048,1.276887048,0.9304039766
대구성명초등학교,남구,245,1.22359046,8.163265,0.914696,1,0.3552,0.5969,보건업 복합코드,-2.857142857,1.268544748,1.268544748,0.9517921875
대구장동초등학교,달서구,1223,1.223050647,2.616517,0.965004,1,0.3515,0.4321,,10.0572363,0.8499828534,1.188588268,1.308489421
대구남양학교,수성구,217,1.221163964,0,0.979671,0.693446,0.3313,0.4693,기타 개인 서비스업 복합코드,0,1.158704984,1.158704984,0.8506644261
대구선원초등학교,달서구,261,1.221030404,0,0.973726,1,0.3515,0.4321,,-8.045977011,1.252317827,1.252317827,0.9269816586
대구영선초등학교,남구,291,1.219643097,6.185567,0.921288,1,0.3552,0.5969,보건업 복합코드,2.749140893,1.192669174,1.192669174,0.9184386053
대구덕성초등학교,동구,259,1.214721527,0,0.962626,1,0.3499,0.4321,,-4.247104247,1.249153726,1.249153726,0.9238543377
팔달중학교,북구,150,1.213018341,5.333333,0.95194,0.222869,0.3493,0.4321,,-0.8176918788,1.045356133,1.045356133,0.7573405832
대구옥포초등학교,달성군,252,1.21150005,3.174603,0.945389,1,0.3487,0.4321,,-3.968253968,1.251057394,1.251057394,0.9221594767
대구성동초등학교,수성구,1544,1.210604969,1.42487,0.974922,1,0.3313,0.4693,기타 개인 서비스업 복합코드,4.727979275,0.8556669002,1.420756306,1.567139089
군위중학교,군위군,187,1.209899465,0,0.88137,0.693446,0.329,0.4321,,7.486631016,1.126400953,1.126400953,0.815651857
대구두류초등학교,서구,237,1.209355463,0.843882,0.912629,1,0.3622,0.4321,,-4.641350211,1.258822267,1.258822267,0.9225843952
대구입석초등학교,동구,259,1.205903118,3.088803,0.952329,1,0.3499,0.4321,,0,1.243158394,1.243158394,0.9197714008
대구두산초등학교,수성구,268,1.204406724,4.477612,0.964746,1,0.3313,0.4693,기타 개인 서비스업 복합코드,-1.492537313,1.237456766,1.237456766,0.9220902285
대구상원초등학교,달서구,262,1.201938134,6.10687,0.953369,1,0.3515,0.4321,,-1.099764336,1.238733047,1.238733047,0.9181352241
현풍중학교,달성군,200,1.201142336,3,0.945971,0.572016,0.3487,0.4321,,0.8583690987,1.095904758,1.095904758,0.8015769831
상인중학교,달서구,156,1.199838671,8.974359,0.943811,0.26807,0.3515,0.4321,,-0.4607307404,1.04134164,1.04134164,0.7563747374
송현여자중학교,달서구,182,1.196618247,1.098901,0.970063,0.325505,0.3515,0.4321,,-0.4607307404,1.046578471,1.046578471,0.7655752047
대구감천초등학교,달서구,264,1.196577551,6.818182,0.950998,1,0.3515,0.4321,,-2.651515152,1.233915979,1.233915979,0.9156821604
대구성서초등학교,달서구,270,1.195300901,3.703704,0.96138,1,0.3515,0.4321,,-3.333333333,1.22952337,1.22952337,0.9152015156
대구과학고등학교,수성구,280,1.194558991,0.714286,0.977291,1,0.3313,0.4693,기타 개인 서비스업 복합코드,0,1.223731765,1.223731765,0.9177903429
서남중학교,서구,136,1.192954191,2.941176,0.905638,0.210732,0.3622,0.4321,,0.9982638889,1.019437718,1.019437718,0.7401129811
대구송현초등학교,달서구,271,1.192618454,4.059041,0.960195,1,0.3515,0.4321,,-5.166051661,1.227111959,1.227111959,0.9139728026
대구복명초등학교,수성구,283,1.191418559,0,0.979671,1,0.3313,0.4693,기타 개인 서비스업 복합코드,-3.833333333,1.219839923,1.219839923,0.9164090888
대구범물초등학교,수성구,135,1.187329303,19.259259,0.915474,0,0.3313,0.4693,기타 개인 서비스업 복합코드,-3.833333333,1.009721914,1.009721914,0.7361464875
대구관남초등학교,북구,274,1.187172073,2.919708,0.959986,1,0.3493,0.4321,,-5.839416058,1.221603858,1.221603858,0.9112890845
대구동덕초등학교,중구,326,1.186474485,1.226994,0.97322,1,0.3322,0.2302,스포츠 서비스업,30.06134969,1.121466427,1.121466427,0.8479363506
대구세명학교,달서구,234,1.185093457,0,0.973726,0.693446,0.3515,0.4321,,0,1.125678624,1.125678624,0.8316607285
대구죽전초등학교,달서구,349,1.18425879,5.730659,0.954623,1,0.3515,0.4321,,12.89398281,1.089273497,1.089273497,0.8524704246
논공중학교,달성군,154,1.18319224,7.792208,0.929997,0.230094,0.3487,0.4321,,-2.479338843,1.021893986,1.021893986,0.743480885
대구신서초등학교,달서구,175,1.175871126,5.714286,0.954678,0.1711,0.3515,0.4321,,-4.155124654,1.007085166,1.007085166,0.7389810769
대구지산초등학교,수성구,211,1.175040979,10.42654,0.944916,0.325111,0.3313,0.4693,기타 개인 서비스업 복합코드,4.739336493,0.9913234008,0.9913234008,0.7403910472
대구성보학교,북구,238,1.174693947,0,0.969718,0.693446,0.3493,0.4321,,0,1.116610155,1.116610155,0.826742596
대구공업고등학교 테크노폴리스 캠퍼스,달성군,173,1.174553536,0,0.955971,0.041919,0.3487,0.4321,,0,0.9973414798,0.9973414798,0.7320891042
대구대천초등학교,북구,281,1.173631806,3.558719,0.957856,1,0.3493,0.4321,,-4.982206406,1.20828825,1.20828825,0.9051253991
대구현풍초등학교,달성군,271,1.172262226,5.904059,0.936291,1,0.3487,0.4321,,-1.367890569,1.213247255,1.213247255,0.904238848
대구산격초등학교,북구,280,1.169342109,5.714286,0.95067,1,0.3493,0.4321,,-3.214285714,1.205962095,1.205962095,0.9030919584
대구체육고등학교,북구,203,1.164930328,0,0.969718,0.329245,0.3493,0.4321,,0,1.019519927,1.019519927,0.7531589663
입석중학교,동구,185,1.164165749,2.162162,0.955418,0.149647,0.3499,0.4321,,0.0488997555,0.9918157952,0.9918157952,0.7313407338
대구성곡초등학교,달서구,287,1.163456728,4.878049,0.957465,1,0.3515,0.4321,,-3.135888502,1.197890923,1.197890923,0.900718257
대구진월초등학교,달서구,287,1.161546395,5.574913,0.955143,1,0.3515,0.4321,,-8.362369338,1.196592493,1.196592493,0.8998197049
대평중학교,서구,157,1.160537825,5.095541,0.898456,0.245127,0.3622,0.4321,,0.9982638889,0.9954235856,0.9954235856,0.7293000606
수성중학교,수성구,190,1.159836142,6.315789,0.958619,0.135263,0.3313,0.4693,기타 개인 서비스업 복합코드,-0.21595357,0.9906278556,0.9906278556,0.7351649889
대구명덕초등학교,중구,300,1.15948186,4,0.963977,1,0.3322,0.2302,스포츠 서비스업,4.333333333,1.160863913,1.160863913,0.8635211052
대구파동초등학교,수성구,343,1.159363858,4.664723,0.964122,1,0.3313,0.4693,기타 개인 서비스업 복합코드,4.664723032,1.106785108,1.106785108,0.8643253056
대구서도초등학교,서구,265,1.157736448,3.018868,0.905379,1,0.3622,0.4321,,-3.773584906,1.20732242,1.20732242,0.8988666156
대구호산초등학교,달서구,290,1.156675276,5.517241,0.955335,1,0.3515,0.4321,,-7.24137931,1.191519272,1.191519272,0.8976118909
대구동산초등학교,수성구,297,1.156533012,4.040404,0.966203,1,0.3313,0.4693,기타 개인 서비스업 복합코드,-2.356902357,1.187860298,1.187860298,0.9004031939
대구청림초등학교,수성구,294,1.155962444,6.122449,0.959263,1,0.3313,0.4693,기타 개인 서비스업 복합코드,-5.102040816,1.189229959,1.189229959,0.9000375359
대구불로초등학교,동구,286,1.155794899,4.895105,0.946308,1,0.3499,0.4321,,-3.146853147,1.193246195,1.193246195,0.8969420784
대구매동초등학교,수성구,303,1.155454529,0.660066,0.977471,1,0.3313,0.4693,기타 개인 서비스업 복합코드,-1.98019802,1.183622746,1.183622746,0.9001208297
대구군위초등학교,군위군,239,1.151022598,0,0.88137,0.693446,0.329,0.4321,,8.786610879,1.052538595,1.052538595,0.7825934809
대구청라중학교,서구,174,1.148499305,1.149425,0.91161,0.197984,0.3622,0.4321,,0.9982638889,0.9762792226,0.9762792226,0.7207437042
경암중학교,달서구,218,1.146844873,0,0.973726,0.187137,0.3515,0.4321,,0.4379562044,0.9719652765,0.9719652765,0.7264720721
대구화동초등학교,달성군,290,1.14564276,4.137931,0.942178,1,0.3487,0.4321,,-4.482758621,1.183979871,1.183979871,0.8921589786
경일중학교,서구,152,1.143903461,7.894737,0.889126,0,0.3622,0.4321,,0.9982638889,0.9624061319,0.9624061319,0.7079723147
이곡중학교,달서구,223,1.143427649,1.793722,0.967746,0.25134,0.3515,0.4321,,0.8227848101,0.9727164364,0.9727164364,0.728182978
대구서부초등학교,서구,270,1.139611133,6.666667,0.893219,1,0.3622,0.4321,,-1.851851852,1.192157988,1.192157988,0.8905458104
대구비산초등학교,서구,272,1.138547643,5.882353,0.895834,1,0.3622,0.4321,,-2.813852814,1.190236728,1.190236728,0.8900439817
공산중학교,동구,215,1.13356211,0,0.962626,0.224388,0.3499,0.4321,,0.0488997555,0.9728829499,0.9728829499,0.7261588653
대구동성초등학교,수성구,906,1.133370816,1.766004,0.973785,1,0.3313,0.4693,기타 개인 서비스업 복합코드,8.719646799,0.8552136319,0.9745944736,1.075055618
대구소프트웨어마이스터고등학교,달성군,215,1.126484889,0,0.955971,0.271607,0.3487,0.4321,,0,0.9773853059,0.9773853059,0.7289240554
대구용전초등학교,달서구,313,1.124255076,3.194888,0.963076,1,0.3515,0.4321,,-2.236421725,1.155975194,1.155975194,0.88305101
대구월암초등학교,달서구,1277,1.123563541,1.722788,0.967983,1,0.3515,0.4321,,5.090054816,0.851167598,1.227765833,1.35147039
대구방촌초등학교,동구,305,1.121473965,5.901639,0.942953,1,0.3499,0.4321,,-4.262295082,1.15876296,1.15876296,0.8812789789
대구태현초등학교,북구,312,1.120821391,3.846154,0.956897,1,0.3493,0.4321,,-1.923076923,1.154184472,1.154184472,0.8811630406
대구구암초등학교,북구,302,1.11955342,10.596026,0.934398,1,0.3493,0.4321,,-2.98013245,1.159228555,1.159228555,0.8802302362
대구도원초등학교,달서구,315,1.119263251,3.809524,0.961027,1,0.3515,0.4321,,-1.587301587,1.15140588,1.15140588,0.8807476892
북동중학교,달성군,209,1.116435182,3.827751,0.943212,0.208351,0.3487,0.4321,,-2.479338843,0.9607392909,0.9607392909,0.7168166493
대구달성초등학교,서구,536,1.109237349,4.850746,0.899272,1,0.3622,0.4321,,37.31343284,0.8250614723,0.8250614723,0.7633665221
성곡중학교,달서구,255,1.108056041,4.705882,0.958039,0.418379,0.3515,0.4321,,0.8227848101,0.9691578381,0.9691578381,0.7342958548
산격중학교,북구,240,1.102758883,7.5,0.944718,0.349535,0.3493,0.4321,,0.5465547531,0.95685644,0.95685644,0.7219258445
대구이곡초등학교,달서구,333,1.097211416,0.600601,0.971724,1,0.3515,0.4321,,-3.003003003,1.12585687,1.12585687,0.8710247485
대구성남초등학교,달서구,328,1.096197839,4.268293,0.959498,1,0.3515,0.4321,,-1.524390244,1.128090945,1.128090945,0.8702619469
대구대남초등학교,달서구,322,1.095579104,8.385093,0.945775,1,0.3515,0.4321,,-7.142857143,1.131201545,1.131201545,0.8696926282
군위고등학교,군위군,248,1.09210503,0,0.88137,0.693446,0.329,0.4321,,0.6116852985,1.039754726,1.039754726,0.7768718389
대구국제고등학교,북구,305,1.084861167,0,0.969718,0.769045,0.3493,0.4321,,0,1.051309051,1.051309051,0.806377219
천내중학교,달성군,243,1.083378366,6.584362,0.934023,0.365861,0.3487,0.4321,,0.1910219675,0.9494007599,0.9494007599,0.7177578112
대구성북초등학교,북구,332,1.08322635,5.421687,0.951646,1,0.3493,0.4321,,-3.915662651,1.116885224,1.116885224,0.8639914066
대구북중학교,북구,250,1.080308488,6.8,0.947051,0.247085,0.3493,0.4321,,0.5465547531,0.9202947558,0.9202947558,0.7005462076
대구학산초등학교,달서구,361,1.080050007,8.864266,0.944178,1,0.3515,0.4321,,1.939058172,1.063362253,1.063362253,0.8395720532
대구성지초등학교,달서구,340,1.079389834,2.941176,0.963922,1,0.3515,0.4321,,-4.117647059,1.109620296,1.109620296,0.862758034
대구용산초등학교,달서구,393,1.077098405,7.633588,0.94828,1,0.3515,0.4321,,6.106870229,1.010321897,1.010321897,0.8167824561
대구외국어고등학교,달서구,294,1.076529415,0,0.973726,0.626906,0.3515,0.4321,,0,1.005608519,1.005608519,0.7710446172
대구화남초등학교,달성군,388,1.067985165,2.57732,0.94738,1,0.3487,0.4321,,4.332129964,1.018289152,1.018289152,0.8198932365
불로중학교,동구,258,1.067828044,4.651163,0.947122,0.347845,0.3499,0.4321,,0.0488997555,0.9350248767,0.9350248767,0.712378681
신아중학교,동구,255,1.066369935,7.843137,0.936482,0.383871,0.3499,0.4321,,0.0488997555,0.9414849706,0.9414849706,0.7158401429
대구욱수초등학교,수성구,588,1.06591996,2.380952,0.971735,1,0.3313,0.4693,기타 개인 서비스업 복합코드,12.58503401,0.854397124,0.854397124,0.8294377643
대구사월초등학교,수성구,1169,1.064752878,0,0.979671,1,0.3313,0.4693,기타 개인 서비스업 복합코드,2.994011976,0.8575632168,1.161385614,1.280811018
대구용계초등학교,달성군,391,1.064635179,4.092072,0.942331,1,0.3487,0.4321,,4.859335038,1.010744807,1.010744807,0.8158497729
대구중학교,남구,301,1.063321246,11.295681,0.904254,0.57228,0.3552,0.5969,보건업 복합코드,1.19760479,0.9532076572,0.9532076572,0.7609167238
경상중학교부설방송통신중학교,남구,310,1.062797532,0,0.941907,0.693446,0.3552,0.5969,보건업 복합코드,0,1.015146354,1.015146354,0.8050965485
동촌중학교,동구,257,1.058861243,3.891051,0.949655,0.214597,0.3499,0.4321,,0.0488997555,0.907330607,0.907330607,0.6938710128
대명중학교,남구,279,1.055053791,8.602151,0.913233,0.231672,0.3552,0.5969,보건업 복합코드,1.19760479,0.8854227199,0.8854227199,0.7112716206
대구동원초등학교,수성구,406,1.054405791,0.738916,0.977208,1,0.3313,0.4693,기타 개인 서비스업 복합코드,2.709359606,1.003421224,1.003421224,0.8205834129
대구매천초등학교,북구,351,1.053611493,4.558405,0.954523,1,0.3493,0.4321,,-2.849002849,1.08559476,1.08559476,0.8506176073
서변중학교,북구,288,1.05084641,2.083333,0.962774,0.335047,0.3493,0.4321,,0.5465547531,0.9043052232,0.9043052232,0.7001515279
대구수성초등학교,수성구,717,1.048298434,3.34728,0.968514,1,0.3313,0.4693,기타 개인 서비스업 복합코드,7.391910739,0.8531161151,0.8531161151,0.927416433
대구효명초등학교,남구,362,1.045529472,1.104972,0.938223,1,0.3552,0.5969,보건업 복합코드,-1.38121547,1.077930386,1.077930386,0.8689398813
관음중학교,북구,284,1.04364935,4.225352,0.955633,0.436748,0.3493,0.4321,,-0.8176918788,0.934346035,0.934346035,0.719207533
화원중학교,달성군,278,1.041174124,5.395683,0.937986,0.394799,0.3487,0.4321,,0.1910219675,0.9159289628,0.9159289628,0.7050461906
대구동도초등학교,수성구,1409,1.037012455,1.135557,0.975886,1,0.3313,0.4693,기타 개인 서비스업 복합코드,1.632363378,0.8560514276,1.327054417,1.463728586
대구동호초등학교,동구,360,1.032298497,5,0.945959,1,0.3499,0.4321,,-7.222222222,1.065838867,1.065838867,0.8407572455
대구서변초등학교,북구,363,1.031191028,5.509642,0.951353,1,0.3493,0.4321,,-4.132231405,1.063308496,1.063308496,0.8403497916
대구도림초등학교,달성군,291,1.028889433,4.123711,0.942226,0.490737,0.3487,0.4321,,-2.405498282,0.9340503628,0.9340503628,0.721063037
대구대곡초등학교,달서구,374,1.027840158,0.534759,0.971943,1,0.3515,0.4321,,-2.673796791,1.054620039,1.054620039,0.8396950228
대구국우초등학교,북구,367,1.027292909,4.359673,0.955186,1,0.3493,0.4321,,0,1.058307987,1.058307987,0.8386941503
대구신흥초등학교,달서구,313,1.027108121,1.916933,0.967336,0.546415,0.3515,0.4321,,-1.916932907,0.9416558073,0.9416558073,0.7336369872
대구들안길초등학교,수성구,452,1.026946905,4.424779,0.964922,1,0.3313,0.4693,기타 개인 서비스업 복합코드,7.079646018,0.9177397664,0.9177397664,0.7809969697
대구성산초등학교,달서구,366,1.025422815,7.103825,0.950046,1,0.3515,0.4321,,-5.191256831,1.057664577,1.057664577,0.8378938371
북대구초등학교,북구,365,1.023930641,7.123288,0.945974,1,0.3493,0.4321,,-2.465753425,1.05720391,1.05720391,0.8368957787
대구일마이스터고등학교,동구,301,1.019697246,0,0.962626,0.39986,0.3499,0.4321,,0,0.9051366017,0.9051366017,0.7046134685
대구본리초등학교,달서구,1126,1.019459807,3.197158,0.963068,1,0.3515,0.4321,,2.841918295,0.8492139833,1.120269222,1.233366914
대구수창초등학교,중구,690,1.015950508,3.478261,0.965716,1,0.3322,0.2302,스포츠 서비스업,30.43478261,0.8372066169,0.8372066169,0.8715996454
대구테크노초등학교,달성군,332,1.014473117,0,0.955971,0.693446,0.3487,0.4321,,0,0.9667518872,0.9667518872,0.7577045427
서대구중학교,서구,269,1.014027193,6.69145,0.893137,0.299512,0.3622,0.4321,,0.9982638889,0.8685242452,0.8685242452,0.6727203794
대구신월초등학교,달서구,1143,1.012589497,1.399825,0.969059,1,0.3515,0.4321,,2.449693788,0.8515960133,1.135229624,1.249561035
대구노전초등학교,달서구,379,1.010563016,4.221636,0.959653,1,0.3515,0.4321,,-3.430079156,1.039926012,1.039926012,0.8314527866
대구제일중학교,중구,298,1.009254969,4.026846,0.963888,0.082059,0.3322,0.2302,스포츠 서비스업,5.443037975,0.8258145696,0.8258145696,0.6269061334
대구동부초등학교,동구,415,1.008337403,3.855422,0.949774,1,0.3499,0.4321,,2.409638554,0.9730195744,0.9730195744,0.8004081246
대구동천초등학교,수성구,1711,1.007965997,1.461134,0.974801,1,0.3313,0.4693,기타 개인 서비스업 복합코드,0.8182349503,0.8556186495,1.537319712,1.695720115
대구함지초등학교,북구,334,1.006153632,1.197605,0.965726,0.622957,0.3493,0.4321,,0,0.9401668291,0.9401668291,0.7398423461
경구중학교,중구,320,1.005502163,1.25,0.973144,0.328942,0.3322,0.2302,스포츠 서비스업,5.443037975,0.8452795406,0.8452795406,0.6476873275
동변중학교,북구,319,1.001785554,1.880878,0.963448,0.277831,0.3493,0.4321,,0.5465547531,0.8512540886,0.8512540886,0.673194513
대구스마트고등학교,북구,348,1.000547944,0,0.969718,0.693446,0.3493,0.4321,,0,0.9510749571,0.9510749571,0.7529262928
대구효목초등학교,동구,380,0.9996212093,4.736842,0.946836,1,0.3499,0.4321,,-2.105263158,1.031879162,1.031879162,0.8259193215
대구남부초등학교,달서구,293,0.9979169125,7.508532,0.948697,0.1711,0.3515,0.4321,,0,0.8548941109,0.8548941109,0.668582255
대구교육대학교대구부설초등학교,달서구,398,0.9883723159,0,0.973726,1,0.3515,0.4321,,0,1.013698157,1.013698157,0.821939072
대구초등학교,중구,399,0.9880840886,6.516291,0.955589,1,0.3322,0.2302,스포츠 서비스업,2.255639098,0.9878536825,0.9878536825,0.7874070254
대구달산초등학교,북구,873,0.9831276079,2.863688,0.960172,1,0.3493,0.4321,,3.207331042,0.8479290827,0.9434508896,1.038617449
대구용호초등학교,동구,420,0.9796505708,0,0.962626,1,0.3499,0.4321,,0.7142857143,0.9702164865,0.9702164865,0.8010297726
대구팔공초등학교,동구,391,0.9792283386,5.626598,0.94387,1,0.3499,0.4321,,0,1.011560567,1.011560567,0.8165443408
대구대진초등학교,달서구,398,0.9767635247,5.025126,0.956975,1,0.3515,0.4321,,-1.507537688,1.005790713,1.005790713,0.8160326184
대구봉덕초등학교,남구,700,0.9754329285,6.571429,0.920002,1,0.3552,0.5969,보건업 복합코드,2.571428571,0.8477085499,0.8477085499,0.9265366686
대구신성초등학교,동구,525,0.9725367617,2.666667,0.953737,1,0.3499,0.4321,,8.19047619,0.8454206384,0.8454206384,0.7713733219
대구농업마이스터고등학교,수성구,317,0.9696376816,7.570978,0.954435,0.1359,0.3313,0.4693,기타 개인 서비스업 복합코드,0,0.8283515185,0.8283515185,0.6601734265
대구중앙중학교,수성구,353,0.9644192848,0.566572,0.977783,0.458407,0.3313,0.4693,기타 개인 서비스업 복합코드,-0.21595357,0.8656598392,0.8656598392,0.697094644
대구문성초등학교,북구,409,0.9568138972,4.400978,0.955048,1,0.3493,0.4321,,-1.711491443,0.9857339394,0.9857339394,0.8067105037
대구삼덕초등학교,중구,400,0.9546891253,6.5,0.955644,1,0.3322,0.2302,스포츠 서비스업,-1.5,0.9861795533,0.9861795533,0.7866917295
경상중학교,남구,352,0.9537060796,13.068182,0.898346,0.320589,0.3552,0.5969,보건업 복합코드,1.19760479,0.8011992963,0.8011992963,0.6730476714
대구와룡초등학교,달서구,409,0.9519870502,7.823961,0.947646,1,0.3515,0.4321,,-4.155124654,0.9824926174,0.9824926174,0.8044293659
칠곡중학교,북구,341,0.9440711476,3.519062,0.957988,0.28732,0.3493,0.4321,,-0.8176918788,0.821065125,0.821065125,0.6590375055
상서중학교,달서구,362,0.9426530833,0.552486,0.971884,0.236568,0.3515,0.4321,,0.4379562044,0.7943936599,0.7943936599,0.6472164066
새본리중학교,달서구,370,0.9404272773,3.783784,0.961113,0.426736,0.3515,0.4321,,0.4379562044,0.8197291809,0.8197291809,0.6678581975
지산중학교,수성구,359,0.9385112001,2.785515,0.970386,0.367938,0.3313,0.4693,기타 개인 서비스업 복합코드,-0.21595357,0.8276269463,0.8276269463,0.6723719626
대구월배초등학교,달서구,560,0.9305527514,5.892857,0.954083,1,0.3515,0.4321,,3.75,0.8456568032,0.8456568032,0.7982928468
대구남도초등학교,남구,455,0.9296569448,6.153846,0.921394,1,0.3552,0.5969,보건업 복합코드,0.6593406593,0.908825929,0.908825929,0.7907160618
덕화중학교,수성구,345,0.9288358684,8.695652,0.950686,0.202186,0.3313,0.4693,기타 개인 서비스업 복합코드,-0.21595357,0.7990042409,0.7990042409,0.6480342021
대구평리초등학교,서구,1065,0.9285802884,1.502347,0.910434,1,0.3622,0.4321,,1.596244131,0.8293349211,1.052747594,1.162435956
대구진천초등학교,달서구,426,0.9248399877,7.276995,0.949469,1,0.3515,0.4321,,-1.408450704,0.9540527799,0.9540527799,0.792159878
대구경운초등학교,서구,405,0.9212800892,7.407407,0.89075,1,0.3622,0.4321,,-3.950617284,0.9643800568,0.9643800568,0.7895362793
대구고산초등학교,수성구,708,0.9193229291,3.672316,0.96743,1,0.3313,0.4693,기타 개인 서비스업 복합코드,1.271186441,0.8526855274,0.8526855274,0.920075188
대구반야월초등학교,동구,833,0.9189292434,1.920768,0.956223,1,0.3499,0.4321,,1.320528211,0.8464029253,0.9141151594,1.006520484
대구월서초등학교,달서구,948,0.918868374,1.265823,0.969506,1,0.3515,0.4321,,0.8438818565,0.8517740654,0.9998784539,1.100560226
월배중학교,달서구,357,0.9120046789,5.042017,0.956919,0.172719,0.3515,0.4321,,-0.4607307404,0.7811513091,0.7811513091,0.6363518944
대구화원초등학교,달성군,428,0.9112940134,6.542056,0.934164,1,0.3487,0.4321,,-1.168224299,0.9436515639,0.9436515639,0.7851198249
대구해서초등학교,동구,433,0.9095832964,5.542725,0.94415,1,0.3499,0.4321,,-5.542725173,0.9395516276,0.9395516276,0.7848546885
대서중학교,달서구,369,0.9065593177,4.336043,0.959272,0.317091,0.3515,0.4321,,-0.4607307404,0.7923721622,0.7923721622,0.6480705026
칠성고등학교,북구,384,0.9047991357,10.416667,0.934996,0.441853,0.3493,0.4321,,0.6116852985,0.7888477183,0.7888477183,0.6504674108
대구내당초등학교,달서구,445,0.8999606,4.044944,0.960242,1,0.3515,0.4321,,-4.719101124,0.9259792894,0.9259792894,0.7813520123
대구조암초등학교,달서구,538,0.8967915469,1.301115,0.969389,1,0.3515,0.4321,,1.486988848,0.8517274568,0.8517274568,0.786730794
대구범일초등학교,수성구,624,0.8930253087,0.320513,0.978603,1,0.3313,0.4693,기타 개인 서비스업 복합코드,0.641025641,0.8571363182,0.8571363182,0.8596574464
노변중학교,수성구,394,0.8893533906,3.045685,0.969519,0.410187,0.3313,0.4693,기타 개인 서비스업 복합코드,-0.21595357,0.7909148869,0.7909148869,0.6583688301
복현중학교,북구,396,0.8879305828,4.040404,0.95625,0.291761,0.3493,0.4321,,0.5465547531,0.7501441856,0.7501441856,0.626751164
대구송일초등학교,달서구,453,0.8875748131,3.532009,0.961952,1,0.3515,0.4321,,-0.8830022075,0.9128620401,0.9128620401,0.7758241996
대구월촌초등학교,달서구,452,0.8855410832,5.309735,0.956026,1,0.3515,0.4321,,-1.099764336,0.9120655609,0.9120655609,0.7746104425
대구황금초등학교,수성구,760,0.884126382,3.421053,0.968268,1,0.3313,0.4693,기타 개인 서비스업 복합코드,0.3947368421,0.8530183755,0.8704269138,0.9603552358
대구강북초등학교,북구,692,0.8838547451,2.890173,0.960084,1,0.3493,0.4321,,0.7225433526,0.8478942065,0.8478942065,0.9006598123
대구상인초등학교,달서구,453,0.8811290375,6.622517,0.951651,1,0.3515,0.4321,,-1.099764336,0.9084803996,0.9084803996,0.7723962993
대구대서초등학교,달서구,457,0.8809020766,3.501094,0.962055,1,0.3515,0.4321,,-5.90809628,0.905976906,0.905976906,0.7728070268
계성중학교,중구,491,0.8794231322,0.814664,0.974595,1,0.3322,0.2302,스포츠 서비스업,5.443037975,0.8408000517,0.8408000517,0.7275814586
경상여자고등학교,북구,612,0.8732574604,0.653595,0.967539,0.980826,0.3493,0.4321,,0.6116852985,0.843007183,0.843007183,0.8352454546
관천중학교,북구,395,0.8729338626,4.050633,0.956216,0.394888,0.3493,0.4321,,-0.8176918788,0.7745570656,0.7745570656,0.6440736694
대구장산초등학교,달서구,428,0.8722191234,4.205607,0.959707,0.723482,0.3515,0.4321,,-4.684975767,0.8370521991,0.8370521991,0.7042329666
달서고등학교,달성군,411,0.8702839419,0,0.955971,0.56581,0.3487,0.4321,,0,0.8029704397,0.8029704397,0.6710079135
대구인지초등학교,서구,439,0.8699078171,5.922551,0.8957,1,0.3622,0.4321,,-1.138952164,0.9094324892,0.9094324892,0.7659293807
대구태암초등학교,북구,463,0.8656099348,4.75162,0.953879,1,0.3493,0.4321,,-1.51187905,0.8920249345,0.8920249345,0.7652678975
대구팔공중학교,동구,398,0.8651781385,1.507538,0.9576,0.256782,0.3499,0.4321,,0.0488997555,0.7421314273,0.7421314273,0.6217024878
대구동촌초등학교,동구,462,0.8647249162,3.896104,0.949638,1,0.3499,0.4321,,-1.515151515,0.8920214895,0.8920214895,0.7647054609
대구매곡초등학교,달성군,463,0.8619942478,2.37581,0.948052,1,0.3487,0.4321,,-1.079913607,0.8895619201,0.8895619201,0.7632817287
포산고등학교,달성군,470,0.8589535727,0,0.955971,0.919599,0.3487,0.4321,,0.1883910387,0.8468979384,0.8468979384,0.7336736421
경운중학교,서구,407,0.8587375316,1.474201,0.910527,0.411856,0.3622,0.4321,,0.9982638889,0.7370154449,0.7370154449,0.622302413
성산중학교,달서구,419,0.8576282503,6.682578,0.95145,0.284383,0.3515,0.4321,,0.8227848101,0.7165316018,0.7165316018,0.6105413171
대구동평초등학교,북구,789,0.8555987802,1.39417,0.965071,1,0.3493,0.4321,,0.1267427123,0.8498734301,0.8873372385,0.9766670181
대구왕선초등학교,달성군,638,0.8514740552,3.134796,0.945522,1,0.3487,0.4321,,0.3134796238,0.8421101254,0.8421101254,0.8540683801
구암고등학교,북구,736,0.8488136713,2.98913,0.959754,0.834376,0.3493,0.4321,,0.6116852985,0.7825388185,0.7831776257,0.8680927764
경일여자고등학교,남구,470,0.8419428345,0.425532,0.940488,0.735035,0.3552,0.5969,보건업 복합코드,0.1883910387,0.7865200739,0.7865200739,0.7046084208
대구칠곡초등학교,북구,477,0.8407798962,5.450734,0.951549,1,0.3493,0.4321,,-3.338391502,0.8669256505,0.8669256505,0.753873201
덕원고등학교,수성구,1019,0.8403351098,0.392542,0.978363,0.506727,0.3313,0.4693,기타 개인 서비스업 복합코드,0.6116852985,0.6887587178,0.8484382899,0.9566485095
대원고등학교,달성군,675,0.8392075906,0.296296,0.954984,0.944176,0.3487,0.4321,,0.1883910387,0.8230779311,0.8230779311,0.8637590951
대구장기초등학교,달서구,480,0.8387811958,5.208333,0.956364,1,0.3515,0.4321,,-3.125,0.8638348065,0.8638348065,0.7534143016
시지고등학교,수성구,1039,0.8359678873,2.117421,0.972613,0.491569,0.3313,0.4693,기타 개인 서비스업 복합코드,0.6116852985,0.6820307708,0.8512857539,0.9610205905
대구중앙초등학교,수성구,832,0.8343059355,1.682692,0.974063,1,0.3313,0.4693,기타 개인 서비스업 복합코드,-2.283653846,0.8553244307,0.9230521612,1.01818941
대구용지초등학교,수성구,720,0.8337963888,1.944444,0.97319,1,0.3313,0.4693,기타 개인 서비스업 복합코드,-1.666666667,0.8549765486,0.8549765486,0.9315806127
대구신매초등학교,수성구,508,0.8329836341,2.362205,0.971797,1,0.3313,0.4693,기타 개인 서비스업 복합코드,-1.771653543,0.8544218046,0.8544218046,0.7679042837
대구대봉초등학교,남구,469,0.8329474366,5.117271,0.924849,0.650208,0.3552,0.5969,보건업 복합코드,0.4264392324,0.7518046312,0.7518046312,0.6776493029
대구노변초등학교,수성구,665,0.8328984709,2.406015,0.971651,1,0.3313,0.4693,기타 개인 서비스업 복합코드,-2.857142857,0.8543636872,0.8543636872,0.888651424
와룡중학교,달서구,431,0.8328589234,7.656613,0.948204,0.199278,0.3515,0.4321,,0.8227848101,0.6862171099,0.6862171099,0.5924504474
대구매호초등학교,수성구,502,0.8321543428,2.788845,0.970375,1,0.3313,0.4693,기타 개인 서비스업 복합코드,-2.390438247,0.8538559605,0.8538559605,0.762824058
효성초등학교,달서구,513,0.8321347677,0,0.973726,1,0.3515,0.4321,,0,0.8534572116,0.8534572116,0.7690344115
대구동일초등학교,수성구,507,0.8306751828,3.550296,0.967837,1,0.3313,0.4693,기타 개인 서비스업 복합코드,-2.366863905,0.8528471654,0.8528471654,0.7658383821
대구용천초등학교,달서구,1722,0.8293052216,1.4518,0.968886,1,0.3515,0.4321,,0,0.8515271149,1.537614676,1.692481942
용산중학교,달서구,443,0.8291968509,3.611738,0.961686,0.242942,0.3515,0.4321,,0.8227848101,0.6851818632,0.6851818632,0.5960768065
대구유천초등학교,달서구,728,0.8283877502,1.923077,0.967315,1,0.3515,0.4321,,-4.258241758,0.8509017612,0.8509017612,0.931305825
대구칠성초등학교,북구,1306,0.8272512683,1.225115,0.965634,1,0.3493,0.4321,,-2.373660031,0.8500972254,1.246346626,1.371790066
대구한샘초등학교,달서구,1135,0.8269870547,2.643172,0.964915,1,0.3515,0.4321,,-2.207727045,0.849947489,1.127481363,1.241222323
대구복현초등학교,북구,973,0.8268357655,1.438849,0.964922,1,0.3493,0.4321,,-1.952723535,0.8498142139,1.014920975,1.117100962
대구학정초등학교,북구,536,0.8267313215,1.492537,0.964743,1,0.3493,0.4321,,-3.358208955,0.8497430815,0.8497430815,0.7833610436
대구한솔초등학교,달서구,858,0.8266878001,2.797203,0.964402,1,0.3515,0.4321,,-2.207727045,0.849743682,0.9350648844,1.029414293
대구연경초등학교,북구,727,0.8264238606,1.650619,0.964216,1,0.3493,0.4321,,0,0.8495337004,0.8495337004,0.9289804938
대구대명초등학교,남구,488,0.8259317276,4.508197,0.926879,1,0.3552,0.5969,보건업 복합코드,-5.532786885,0.8537972081,0.8537972081,0.7666694979
대구한실초등학교,달서구,669,0.8257326261,3.28849,0.962764,1,0.3515,0.4321,,0,0.8490933287,0.8490933287,0.8844586933
대구사수초등학교,북구,928,0.8254429118,2.155172,0.962534,1,0.3493,0.4321,,-9.267241379,0.8488658495,0.9826055302,1.081627287
대구동변초등학교,북구,571,0.8248663792,2.451839,0.961545,1,0.3493,0.4321,,-2.802101576,0.8484734589,0.8484734589,0.8089689314
대구도남초등학교,북구,570,0.8248582193,2.45614,0.961531,1,0.3493,0.4321,,-2.807017544,0.8484679059,0.8484679059,0.8082016008
대구성당초등학교,달서구,803,0.8246212447,3.860523,0.960857,1,0.3515,0.4321,,-3.362391034,0.8483369378,0.8954282944,0.9859077734
대구동부고등학교,동구,817,0.8245466914,0,0.962626,0.644552,0.3499,0.4321,,0.6116852985,0.7184042711,0.7664933734,0.8568881923
대구침산초등학교,북구,1165,0.8242935326,2.746781,0.960562,1,0.3493,0.4321,,-0.4291845494,0.848083669,1.145778345,1.261335637
대구관문초등학교,북구,919,0.8241333091,2.829162,0.960287,1,0.3493,0.4321,,-7.290533188,0.8479746623,0.9753439176,1.073722985
운암중학교,북구,439,0.8240663782,4.555809,0.954532,0.548087,0.3493,0.4321,,-0.8176918788,0.7571970854,0.7571970854,0.6485751852
영신초등학교,동구,712,0.82390194,0.842697,0.959817,1,0.3499,0.4321,,0,0.847825512,0.847825512,0.9158802894
대구삼영초등학교,북구,596,0.8234372364,3.187919,0.959092,1,0.3493,0.4321,,0,0.8475011785,0.8475011785,0.8271565419
대구학남초등학교,북구,594,0.8230895957,3.367003,0.958495,1,0.3493,0.4321,,-3.198653199,0.8472647566,0.8472647566,0.8254211461
대구운암초등학교,북구,513,0.8228142113,3.508772,0.958022,1,0.3493,0.4321,,-0.3898635478,0.8470774984,0.8470774984,0.7635875693
대구강동초등학교,동구,900,0.822517931,1.555556,0.95744,1,0.3499,0.4321,,-0.7777777778,0.8468843113,0.960954443,1.058046848
대구숙천초등학교,동구,606,0.8223346051,1.650165,0.957125,1,0.3499,0.4321,,-4.620462046,0.8467596802,0.8467596802,0.8341454932
대구봉무초등학교,동구,832,0.822271755,1.682692,0.957017,1,0.3499,0.4321,,-5.528846154,0.8467169547,0.9137631136,1.00610321
대구옥산초등학교,북구,697,0.8218277286,4.017217,0.956327,1,0.3493,0.4321,,-1.004304161,0.8464068766,0.8464068766,0.9030087241
대구동신초등학교,동구,729,0.8218103425,1.920439,0.956224,1,0.3499,0.4321,,-1.09739369,0.8464033207,0.8464033207,0.9273990909
대구신암초등학교,북구,628,0.8215897768,4.140127,0.955918,1,0.3493,0.4321,,-5.095541401,0.8462451554,0.8462451554,0.8503674518
성광고등학교,북구,540,0.8215670023,0,0.969718,0.727055,0.3493,0.4321,,0.6116852985,0.7486286298,0.7486286298,0.7006615692
대구신천초등학교,동구,835,0.8208896329,2.39521,0.954641,1,0.3499,0.4321,,-3.952095808,0.8457776697,0.9148207448,1.007356576
대구안일초등학교,동구,571,0.8207803206,2.451839,0.954453,1,0.3499,0.4321,,-4.553415061,0.8457034044,0.8457034044,0.8065803361
대륜고등학교,수성구,946,0.8200916218,0.634249,0.977557,0.378054,0.3313,0.4693,기타 개인 서비스업 복합코드,0.6116852985,0.6587793313,0.77225071,0.8756797059
계성초등학교,중구,743,0.8194259564,0,0.97731,1,0.3322,0.2302,스포츠 서비스업,0,0.8419023249,0.8474004625,0.9156290654
경북대학교사범대학부설초등학교,중구,510,0.8194259564,0,0.97731,1,0.3322,0.2302,스포츠 서비스업,0,0.8419023249,0.8419023249,0.7426026483
대구새론초등학교,동구,1083,0.81926927,3.231764,0.951853,1,0.3499,0.4321,,-4.709141274,0.844677163,1.084634431,1.194471104
대구율원초등학교,동구,788,0.8186466423,3.553299,0.950781,1,0.3499,0.4321,,-2.664974619,0.8442544886,0.8807814175,0.970013431
대구세천초등학교,달성군,1438,0.8186141522,1.529903,0.950872,1,0.3487,0.4321,,0,0.8442158854,1.32869243,1.463149283
경덕여자고등학교,서구,424,0.8185455228,0.471698,0.913869,0.421409,0.3622,0.4321,,0.1883910387,0.7195646893,0.7195646893,0.6156106434
대구대실초등학교,달성군,1195,0.8181739769,1.757322,0.950114,1,0.3487,0.4321,,0,0.8439171343,1.16081663,1.278321352
대구남산고등학교,수성구,795,0.8177231961,0.754717,0.977156,0.473067,0.3313,0.4693,기타 개인 서비스업 복합코드,0.6116852985,0.6797201698,0.7130125862,0.8052638404
대구서동초등학교,달성군,1177,0.8166423867,2.548853,0.947475,1,0.3487,0.4321,,0,0.8428780585,1.147002223,1.263232711
경일여자중학교,남구,553,0.8162162738,0.723327,0.939496,0.392318,0.3552,0.5969,보건업 복합코드,1.19760479,0.6596716221,0.6596716221,0.6558588496
대구포산초등학교,달성군,977,0.8160293287,2.865916,0.946418,1,0.3487,0.4321,,0,0.842462329,1.008891622,1.111170587
협성경복중학교,남구,538,0.815849365,1.115242,0.938189,0.418379,0.3552,0.5969,보건업 복합코드,1.19760479,0.6646069162,0.6646069162,0.6503876997
대구비슬초등학교,달성군,1118,0.815690706,3.041145,0.945834,1,0.3487,0.4321,,-1.367890569,0.8422327466,1.105559393,1.217664835
대구서재초등학교,달성군,621,0.8153440365,3.220612,0.945236,1,0.3487,0.4321,,-2.576489533,0.8419977426,0.8419977426,0.8410935019
대구세현초등학교,달성군,1187,0.8152182562,3.285594,0.945019,1,0.3487,0.4321,,0,0.8419124857,1.152561011,1.269471115
대구강림초등학교,달성군,897,0.8151046563,3.344482,0.944823,1,0.3487,0.4321,,-0.2120890774,0.841835489,0.9531639373,1.049855871
동대구초등학교,동구,725,0.8148496411,5.517241,0.944235,1,0.3499,0.4321,,-4.827586207,0.8416792562,0.8416792562,0.9196077382
대구유가초등학교,달성군,1666,0.8146086168,3.601441,0.943967,1,0.3487,0.4321,,-1.620648259,0.841499322,1.481038807,1.63133219
대구남산초등학교,중구,1332,0.8143587278,2.552553,0.968802,1,0.3322,0.2302,스포츠 서비스업,-3.303303303,0.838453572,1.247071354,1.347724218
오성고등학교,수성구,560,0.8142598636,1.071429,0.9761,0.600595,0.3313,0.4693,기타 개인 서비스업 복합코드,0.6116852985,0.7135967169,0.7135967169,0.686778139
대구다사초등학교,달성군,971,0.8142048246,3.810505,0.94327,1,0.3487,0.4321,,-0.4480286738,0.8412257233,1.003290434,1.105131492
대구죽곡초등학교,달성군,662,0.8139789292,3.927492,0.94288,1,0.3487,0.4321,,-1.812688822,0.841072683,0.841072683,0.8712514941
능인고등학교,수성구,803,0.8127949298,0.996264,0.976351,0.426857,0.3313,0.4693,기타 개인 서비스업 복합코드,0.6116852985,0.668516408,0.7056258902,0.7986030639
경상고등학교,북구,637,0.8127656389,0,0.969718,0.622689,0.3493,0.4321,,0.6116852985,0.7149414253,0.7149414253,0.7356440182
경북고등학교,수성구,849,0.8103060994,4.711425,0.963967,0.451719,0.3313,0.4693,기타 개인 서비스업 복합코드,0.6116852985,0.6679439933,0.7301036792,0.8263973359
심인고등학교,달성군,604,0.810274016,1.655629,0.950453,0.823257,0.3487,0.4321,,0.1883910387,0.7743609382,0.7743609382,0.7672288776
대구구지초등학교,달성군,512,0.8098770748,6.054688,0.935789,1,0.3487,0.4321,,-5.6640625,0.8382962981,0.8382962981,0.7555066313
성지중학교,달서구,683,0.8097095868,0.585652,0.971773,0.501344,0.3515,0.4321,,0.8227848101,0.6819313737,0.6819313737,0.7344249029
정동고등학교,동구,605,0.809455567,0.991736,0.95932,0.6628,0.3499,0.4321,,0.6116852985,0.722655249,0.722655249,0.7216926324
성명여자중학교,중구,471,0.8090913446,0,0.97731,0.391278,0.3322,0.2302,스포츠 서비스업,5.443037975,0.6670718293,0.6670718293,0.5747535138
동원중학교,수성구,437,0.8090049225,3.661327,0.967467,0.244504,0.3313,0.4693,기타 개인 서비스업 복합코드,-0.21595357,0.6991284599,0.6991284599,0.6068473429
유가중학교,달성군,874,0.8068921797,2.059497,0.949106,0.466846,0.3487,0.4321,,0.8583690987,0.661669782,0.7367490471,0.8313383513
협성고등학교,남구,494,0.8064804482,0,0.941907,0.698543,0.3552,0.5969,보건업 복합코드,0.1883910387,0.7440909819,0.7440909819,0.6842519386
대구혜화여자고등학교,수성구,731,0.8061748235,0,0.979671,0.393333,0.3313,0.4693,기타 개인 서비스업 복합코드,0.6116852985,0.662995828,0.662995828,0.7487099415
정화여자고등학교,수성구,710,0.8059185387,0.56338,0.977794,0.421177,0.3313,0.4693,기타 개인 서비스업 복합코드,0.6116852985,0.6679934409,0.6679934409,0.7406577715
매호중학교,수성구,451,0.8026732419,3.991131,0.966368,0.430259,0.3313,0.4693,기타 개인 서비스업 복합코드,-0.21595357,0.7170528361,0.7170528361,0.6258224252
영신고등학교,동구,747,0.8025598549,0,0.962626,0.522526,0.3499,0.4321,,0.6116852985,0.6828322238,0.6895211925,0.7752338484
성화여자고등학교,북구,743,0.8013209469,0.269179,0.968821,0.479167,0.3493,0.4321,,0.6116852985,0.6746728358,0.6790788625,0.7645182375
동문고등학교,수성구,774,0.7986840517,3.359173,0.968474,0.361168,0.3313,0.4693,기타 개인 서비스업 복합코드,0.6116852985,0.6507186808,0.6714354388,0.7626136901
대명고등학교,남구,477,0.7978912814,0,0.941907,0.693446,0.3552,0.5969,보건업 복합코드,0,0.762117337,0.762117337,0.6891904074
대구여자고등학교,수성구,801,0.7978355954,4.11985,0.965939,0.348072,0.3313,0.4693,기타 개인 서비스업 복합코드,0.6116852985,0.6468907335,0.681743622,0.7749411494
강동고등학교,동구,808,0.7975663714,5.445545,0.944474,0.546804,0.3499,0.4321,,0.6116852985,0.6806100762,0.7211688808,0.8111259672
포산중학교,달성군,790,0.7971104061,2.531646,0.947533,0.452618,0.3487,0.4321,,0.8583690987,0.6574069965,0.686923229,0.7757377632
강북고등학교,북구,747,0.7961179009,0,0.969718,0.422591,0.3493,0.4321,,0.6116852985,0.6617671709,0.6682497881,0.7540941572
대구달서초등학교,서구,686,0.7941648359,2.623907,0.906695,1,0.3622,0.4321,,-3.206997085,0.8279000094,0.8279000094,0.8777233199
성서중학교,달서구,706,0.793526902,0.283286,0.972781,0.309171,0.3515,0.4321,,0.8227848101,0.6412493684,0.6412493684,0.7095580058
경원고등학교,달서구,803,0.7931586866,0,0.973726,0.561163,0.3515,0.4321,,0.1883910387,0.6990032772,0.7378050917,0.8274646561
경신고등학교,수성구,596,0.7930787326,0.33557,0.978553,0.374444,0.3313,0.4693,기타 개인 서비스업 복합코드,0.6116852985,0.6585752243,0.6585752243,0.6620699293
수성고등학교,수성구,601,0.7923074953,1.663894,0.974125,0.395422,0.3313,0.4693,기타 개인 서비스업 복합코드,0.6116852985,0.6605661608,0.6605661608,0.6668636332
성광중학교,북구,735,0.7902243676,0,0.969718,0.400831,0.3493,0.4321,,0.5465547531,0.657011877,0.657011877,0.7420777919
영남고등학교,달서구,1135,0.789029846,1.057269,0.970201,0.430388,0.3515,0.4321,,0.1883910387,0.6639448266,0.8807431374,0.9937872234
성화중학교,북구,660,0.787917735,0.30303,0.968708,0.435586,0.3493,0.4321,,0.5465547531,0.6641940668,0.6641940668,0.7033114283
대구일중학교,북구,909,0.7874528166,3.080308,0.95945,0.319255,0.3493,0.4321,,0.5465547531,0.6357451967,0.7260469634,0.8235339287
운암고등학교,북구,689,0.7870753482,1.161103,0.965848,0.400469,0.3493,0.4321,,0.6116852985,0.6549361478,0.6549361478,0.7122383274
다사중학교,달성군,715,0.7867812672,4.195804,0.941985,0.437527,0.3487,0.4321,,0.9021842355,0.651009432,0.651009432,0.7240687553
함지고등학교,북구,621,0.7859819235,4.186795,0.955762,0.499942,0.3493,0.4321,,0.6116852985,0.6734286795,0.6734286795,0.6877539923
신기중학교,동구,442,0.7841322867,4.977376,0.946034,0.00049,0.3499,0.4321,,0.0488997555,0.6584224787,0.6584224787,0.5755354866
경서중학교,달성군,460,0.7839782451,3.043478,0.945826,0.251053,0.3487,0.4321,,0.4347826087,0.6553955822,0.6553955822,0.5797861518
영진고등학교,북구,526,0.7833070153,1.520913,0.964648,0.483516,0.3493,0.4321,,0.6116852985,0.6736652397,0.6736652397,0.629139608
경명여자고등학교,북구,581,0.782898217,1.032702,0.966276,0.432973,0.3493,0.4321,,0.6116852985,0.6623536513,0.6623536513,0.6534051626
대륜중학교,수성구,843,0.7825170731,0.237248,0.978881,0.685107,0.3313,0.4693,기타 개인 서비스업 복합코드,-0.21595357,0.7410487108,0.8063819849,0.9016372602
송현여자고등학교,달서구,710,0.7822696342,0,0.973726,0.502767,0.3515,0.4321,,0.1883910387,0.683271792,0.683271792,0.7526329393
왕선중학교,달성군,894,0.7822279663,2.684564,0.947023,0.093635,0.3487,0.4321,,0.9021842355,0.602671006,0.6808952427,0.7779925555
청구고등학교,동구,715,0.7816680424,1.958042,0.956099,0.395352,0.3499,0.4321,,0.6116852985,0.64886134,0.64886134,0.722108865
대구송정초등학교,동구,799,0.7806927173,3.754693,0.95011,0.799762,0.3499,0.4321,,-2.628285357,0.7656278189,0.8056279662,0.8948598686
성서고등학교,달서구,607,0.779883376,2.306425,0.966037,0.559523,0.3515,0.4321,,0.1883910387,0.6947964555,0.6947964555,0.6982853806
학남고등학교,북구,805,0.7787627703,6.832298,0.946944,0.366126,0.3493,0.4321,,0.6116852985,0.6380211991,0.6744795533,0.7646814077
대구반도체마이스터고등학교,달서구,620,0.7784125924,0,0.973726,0.693446,0.3515,0.4321,,0,0.7393867637,0.7393867637,0.7468797804
대구고등학교부설방송통신고등학교,남구,558,0.7772698368,0,0.941907,0.693446,0.3552,0.5969,보건업 복합코드,0,0.7424204675,0.7424204675,0.7273630886
경신중학교,수성구,931,0.7769954566,0.214823,0.978955,0.645965,0.3313,0.4693,기타 개인 서비스업 복합코드,-0.21595357,0.7286759312,0.8452640801,0.9468471836
영송여자고등학교,북구,523,0.7765339725,0,0.969718,0.385699,0.3493,0.4321,,0.6116852985,0.6538340664,0.6538340664,0.6110570174
조일고등학교,동구,449,0.7764877069,0.445434,0.961141,0,0.3499,0.4321,,0,0.65890401,0.65890401,0.5784146855
도원고등학교,달서구,553,0.7758854202,0.904159,0.970712,0.519584,0.3515,0.4321,,0.1883910387,0.6861680997,0.6861680997,0.6566116687
침산중학교,북구,753,0.774926396,3.718459,0.957323,0.31054,0.3493,0.4321,,0.5465547531,0.6331066113,0.6424094023,0.7290694551
대진고등학교,달서구,661,0.7733424191,5.748865,0.954563,0.550648,0.3515,0.4321,,0.1883910387,0.6867173424,0.6867173424,0.7251146293
안심중학교,동구,463,0.7732486384,3.887689,0.949667,0.363274,0.3499,0.4321,,0.0488997555,0.6741214116,0.6741214116,0.5953981728
대곡고등학교,달서구,739,0.7727651227,2.70636,0.964704,0.461529,0.3515,0.4321,,0.1883910387,0.6684469971,0.6706296812,0.7560784958
경명여자중학교,북구,573,0.7721714668,0.34904,0.968555,0.3282,0.3493,0.4321,,0.5465547531,0.6421394279,0.6421394279,0.6312077133
매천고등학교,북구,689,0.7715944569,6.676343,0.947464,0.372316,0.3493,0.4321,,0.6116852985,0.6395433272,0.6395433272,0.6976272211
오성중학교,수성구,897,0.7709195116,0.222965,0.978928,0.600832,0.3313,0.4693,기타 개인 서비스업 복합코드,-0.21595357,0.7150209923,0.8095788705,0.9088043362
원화여자고등학교,달서구,756,0.7703325849,0.26455,0.972844,0.372947,0.3515,0.4321,,0.1883910387,0.6530464138,0.6642414952,0.7510521245
심인중학교,달성군,497,0.7695155456,1.609658,0.950606,0.391305,0.3487,0.4321,,0.9021842355,0.645069992,0.645069992,0.5883545203
대구고등학교,남구,628,0.7689192694,8.598726,0.913244,0.504737,0.3552,0.5969,보건업 복합코드,0.1883910387,0.6733791001,0.6733791001,0.7149994525
정화중학교,수성구,1042,0.768896216,0.191939,0.979032,0.584547,0.3313,0.4693,기타 개인 서비스업 복합코드,-0.21595357,0.7103308562,0.8883484667,0.9979833043
대구제일고등학교,서구,668,0.7680032026,0.898204,0.912447,0.694998,0.3622,0.4321,,0.1883910387,0.7128383402,0.7128383402,0.7551087997
성산고등학교,달서구,541,0.7676918524,1.478743,0.968796,0.462284,0.3515,0.4321,,0.1883910387,0.6706971479,0.6706971479,0.6361443951
평리중학교,서구,470,0.7658202386,5.531915,0.897002,0.427593,0.3622,0.4321,,0.9982638889,0.652726958,0.652726958,0.5829173986
경화여자고등학교,달서구,490,0.7656230286,0.408163,0.972365,0.438932,0.3515,0.4321,,0.1883910387,0.6670034834,0.6670034834,0.6017511225
효성여자고등학교,달서구,624,0.7647189287,0.641026,0.971589,0.378378,0.3515,0.4321,,0.1883910387,0.6534857937,0.6534857937,0.6718808269
원화중학교,달서구,499,0.7645621122,0.400802,0.97239,0.301735,0.3515,0.4321,,0.4379562044,0.6398004469,0.6398004469,0.5855981169
범물중학교,수성구,477,0.7634974399,1.257862,0.975479,0.366657,0.3313,0.4693,기타 개인 서비스업 복합코드,-0.21595357,0.6728273104,0.6728273104,0.6028713174
능인중학교,수성구,606,0.7621938399,0.660066,0.977471,0.537853,0.3313,0.4693,기타 개인 서비스업 복합코드,-0.21595357,0.6965326402,0.6965326402,0.7017114764
상인고등학교,달서구,609,0.7612220046,2.627258,0.964968,0.395888,0.3515,0.4321,,0.1883910387,0.6536827146,0.6536827146,0.6630083577
덕원중학교,수성구,613,0.7609158403,0.326264,0.978584,0.520649,0.3313,0.4693,기타 개인 서비스업 복합코드,-0.21595357,0.6924926254,0.6924926254,0.7025889171
비슬고등학교,달성군,1067,0.7595875761,6.56045,0.934103,0.414201,0.3487,0.4321,,0.1883910387,0.641626156,0.8155199387,0.9238196739
동도중학교,수성구,1007,0.757627365,1.588878,0.974375,0.515532,0.3313,0.4693,기타 개인 서비스업 복합코드,-0.21595357,0.6890669679,0.84206796,0.9494138395
영신중학교,동구,631,0.7573901619,0.316957,0.961569,0.493221,0.3499,0.4321,,0.0488997555,0.6746330312,0.6746330312,0.6950932479
달성고등학교,서구,798,0.7571270548,2.506266,0.907087,0.613861,0.3622,0.4321,,0.1883910387,0.6837807697,0.7189466379,0.8095219613
대구중앙고등학교,수성구,642,0.7555557574,0.311526,0.978633,0.471187,0.3313,0.4693,기타 개인 서비스업 복합코드,0,0.6800067905,0.6800067905,0.7096459232
호산고등학교,달서구,579,0.7555372948,2.763385,0.964514,0.347654,0.3515,0.4321,,0.1883910387,0.6437717724,0.6437717724,0.6363801367
고산중학교,수성구,645,0.755088147,1.860465,0.97347,0.498011,0.3313,0.4693,기타 개인 서비스업 복합코드,-0.21595357,0.6840912994,0.6840912994,0.7152680221
성당중학교,달서구,508,0.75502003,3.937008,0.960602,0.273181,0.3515,0.4321,,0.4379562044,0.6289863436,0.6289863436,0.5822636581
대구상원고등학교,달서구,861,0.7546746075,8.594657,0.945077,0.364228,0.3515,0.4321,,0.1883910387,0.6368522585,0.7023570622,0.7967425013
소선여자중학교,수성구,915,0.7538170474,0.218579,0.978943,0.452162,0.3313,0.4693,기타 개인 서비스업 복합코드,-0.21595357,0.6756280649,0.7749040254,0.8758272536
영남중학교,달서구,798,0.7530306381,0.250627,0.97289,0.502517,0.3515,0.4321,,-0.4607307404,0.6827904507,0.7179053882,0.8073237224
화원고등학교,달성군,728,0.7525442725,4.120879,0.942235,0.419345,0.3487,0.4321,,0.1883910387,0.6469352931,0.6469352931,0.72788338
경북예술고등학교,남구,1194,0.7522093102,0.167504,0.941348,0.504032,0.3552,0.5969,보건업 복합코드,0,0.6866097927,0.9438782783,1.094453296
현풍고등학교,달성군,473,0.7520452966,0,0.955971,0.34603,0.3487,0.4321,,0,0.6609186616,0.6609186616,0.589253682
대구하이텍고등학교,달서구,470,0.7519830062,1.276596,0.96947,0.045848,0.3515,0.4321,,0,0.6384119448,0.6384119448,0.5709356429
신명고등학교,중구,550,0.7489433598,0.363636,0.976098,0.49051,0.3322,0.2302,스포츠 서비스업,0.1883910387,0.6649668488,0.6649668488,0.6180473955
대진중학교,달서구,793,0.748841222,0.75662,0.971203,0.473931,0.3515,0.4321,,-0.4607307404,0.6747484346,0.7066957074,0.7958363013
다사고등학교,달성군,483,0.7466994295,8.695652,0.926986,0.453615,0.3487,0.4321,,0.1883910387,0.6565646841,0.6565646841,0.5901401059
청구중학교,동구,547,0.746288649,1.096892,0.958969,0.419598,0.3499,0.4321,,0.0488997555,0.6556374544,0.6556374544,0.6270955411
황금중학교,수성구,765,0.7454169674,2.091503,0.9727,0.406744,0.3313,0.4693,기타 개인 서비스업 복합코드,-0.21595357,0.6622351675,0.6784531716,0.7687909398
서재중학교,달성군,571,0.7443070036,3.152364,0.945463,0.577888,0.3487,0.4321,,-1.320901321,0.6899235492,0.6899235492,0.6709298342
조암중학교,달서구,1105,0.743560343,0.723982,0.971312,0.420343,0.3515,0.4321,,-0.4607307404,0.6622588109,0.8622880028,0.9732693521
월암중학교,달서구,739,0.7435227899,0.270636,0.972823,0.409317,0.3515,0.4321,,-0.4607307404,0.6606157336,0.6627728462,0.748306332
새론중학교,동구,830,0.7433995288,2.409639,0.954593,0.357296,0.3499,0.4321,,0.0488997555,0.6403037893,0.6899600015,0.7819349809
강북중학교,북구,950,0.7433764933,1.263158,0.965507,0.458606,0.3493,0.4321,,-0.8176918788,0.6679754978,0.7852120137,0.8850680406
시지중학교,수성구,775,0.7427420929,1.806452,0.97365,0.368795,0.3313,0.4693,기타 개인 서비스업 복합코드,-0.21595357,0.6549059116,0.6762905945,0.7674677226
대건고등학교,달서구,710,0.7412860751,0.56338,0.971848,0.391538,0.3515,0.4321,,0,0.6563277293,0.6563277293,0.7264984746
경북여자고등학교,중구,708,0.7409304121,7.062147,0.95377,0.417208,0.3322,0.2302,스포츠 서비스업,0.6116852985,0.6354614362,0.6354614362,0.6825734676
월서중학교,달서구,1101,0.7407175332,2.08901,0.966762,0.421694,0.3515,0.4321,,-0.4607307404,0.6602261029,0.8574854937,0.9682185691
달성중학교,달성군,526,0.7406823151,4.752852,0.940128,0.390709,0.3487,0.4321,,0.1910219675,0.639545368,0.639545368,0.6011265169
경북기계공업고등학교,달서구,711,0.7403839559,0,0.973726,0.366498,0.3515,0.4321,,0,0.6522280939,0.6522280939,0.7231355983
상원중학교,달서구,751,0.739339825,1.864181,0.967512,0.401546,0.3515,0.4321,,-0.4607307404,0.6562018974,0.6647726976,0.7511946003
신명여자중학교,수성구,783,0.7381579788,0.510856,0.977969,0.264558,0.3313,0.4693,기타 개인 서비스업 복합코드,-0.21595357,0.639331942,0.6643833161,0.756430203
경북대학교사범대학부설고등학교,중구,769,0.7373505322,0,0.97731,0.483075,0.3322,0.2302,스포츠 서비스업,0,0.6636836853,0.6821042937,0.746849571
계성고등학교,서구,823,0.7368629118,0,0.915441,0.395489,0.3622,0.4321,,0.1883910387,0.6290788569,0.6742698279,0.7674186303
사수중학교,북구,481,0.7366398202,3.326403,0.95863,0.271677,0.3493,0.4321,,0,0.6390456656,0.6390456656,0.5756552036
대구서부고등학교,서구,591,0.7365881735,5.752961,0.896265,0.57516,0.3622,0.4321,,0.1883910387,0.6667982296,0.6667982296,0.6645884893
대구동중학교,수성구,1109,0.736529732,3.967538,0.966446,0.350429,0.3313,0.4693,기타 개인 서비스업 복합코드,-0.21595357,0.6476007653,0.8453172439,0.9607325925
와룡고등학교,달서구,499,0.7363185109,9.619238,0.941661,0.339593,0.3515,0.4321,,0.1883910387,0.6302828687,0.6302828687,0.5780410594
구암중학교,북구,567,0.7360597673,3.174603,0.959136,0.426799,0.3493,0.4321,,-0.8176918788,0.6572996832,0.6572996832,0.6405525189
동평중학교,북구,856,0.7358824846,1.635514,0.964266,0.388575,0.3493,0.4321,,-0.8176918788,0.65160413,0.7159666604,0.8095085576
학남중학교,북구,768,0.7344427605,3.125,0.959301,0.408584,0.3493,0.4321,,-0.8176918788,0.6533206623,0.670920321,0.7583241111
대곡중학교,달서구,524,0.7343752503,3.053435,0.963547,0.374581,0.3515,0.4321,,-0.4607307404,0.648533893,0.648533893,0.6075240163
대건중학교,달서구,635,0.7332061453,0.314961,0.972676,0.277469,0.3515,0.4321,,-0.4607307404,0.6360975361,0.6360975361,0.6627787623
대구동부중학교,수성구,718,0.7329777698,5.153203,0.962494,0.33816,0.3313,0.4693,기타 개인 서비스업 복합코드,-0.21595357,0.6432431399,0.6432431399,0.7215888971
강동중학교,동구,921,0.7327061105,1.520087,0.957559,0.071964,0.3499,0.4321,,0.0488997555,0.6075404369,0.6997873931,0.7988073122
효성중학교,달서구,655,0.7319269332,0.305344,0.972708,0.256041,0.3515,0.4321,,-0.4607307404,0.6329618041,0.6329618041,0.671679264
도원중학교,달서구,610,0.731182733,2.295082,0.966075,0.312416,0.3515,0.4321,,-0.4607307404,0.6382444915,0.6382444915,0.6499472275
매천중학교,북구,631,0.7311728131,2.852615,0.960209,0.364633,0.3493,0.4321,,-0.8176918788,0.6446267346,0.6446267346,0.6678911502
대구보건고등학교,달서구,757,0.7309458667,0.528402,0.971964,0.247561,0.3515,0.4321,,0,0.6313790954,0.6427181485,0.7299308844
영남공업고등학교,수성구,784,0.7302448877,0.510204,0.977971,0.016173,0.3313,0.4693,기타 개인 서비스업 복합코드,0,0.6199527579,0.6447508682,0.7373106246
중리중학교,서구,539,0.728961496,4.45269,0.900599,0.228126,0.3622,0.4321,,0.9982638889,0.5914193928,0.5914193928,0.5705422326
율원중학교,동구,733,0.7276073911,2.18281,0.955349,0.076459,0.3499,0.4321,,0.0488997555,0.6065140185,0.6065140185,0.691373361
대구제일여자상업고등학교,달서구,537,0.7254243637,0,0.973726,0.052473,0.3515,0.4321,,0,0.6159163154,0.6159163154,0.5884359402
상서고등학교,달서구,944,0.7240445474,0.635593,0.971607,0.055856,0.3515,0.4321,,0,0.6148482889,0.7197489357,0.8204087372
학산중학교,달서구,558,0.7233239231,4.301075,0.959389,0.260078,0.3515,0.4321,,-0.4607307404,0.6263889653,0.6263889653,0.6092532262
경북여자상업고등학교,남구,495,0.7231771662,0.40404,0.94056,0.038669,0.3552,0.5969,보건업 복합코드,0,0.6184823678,0.6184823678,0.5879213465
경상공업고등학교,남구,642,0.723004972,0.623053,0.93983,0.064181,0.3552,0.5969,보건업 복합코드,0,0.6188363014,0.6188363014,0.6759706784
구지중학교,달성군,602,0.7196088982,1.993355,0.949327,0.308309,0.3487,0.4321,,-1.661129568,0.6284440964,0.6284440964,0.6363581944
대구관광고등학교,동구,552,0.7175552673,0,0.962626,0.01505,0.3499,0.4321,,0,0.6089149566,0.6089149566,0.5910492192
경북대학교사범대학부설중학교,중구,528,0.7156136347,0,0.97731,0.209437,0.3322,0.2302,스포츠 서비스업,0,0.6116795522,0.6116795522,0.5599634921
대구공업고등학교,동구,950,0.7125779532,2.315789,0.954906,0.0439,0.3499,0.4321,,0,0.6051375882,0.7113454097,0.8124641731
경북공업고등학교,중구,709,0.7092858709,0.564175,0.97543,0.027906,0.3322,0.2302,스포츠 서비스업,0,0.5981531429,0.5981531429,0.6461237024
서동중학교,달성군,716,0.7074238348,2.793296,0.94666,0.076768,0.3487,0.4321,,-1.320901321,0.6016359227,0.6016359227,0.6769375763
대구과학기술고등학교,서구,691,0.6716889173,6.946454,0.892287,0.023843,0.3622,0.4321,,0,0.5714415895,0.5714415895,0.6361534463
대구율금초등학교,동구,615,0.4325178243,3.252033,,1,0.3499,,,-8.130081301,0.6069303926,0.6069303926,0.5972908222